"","name1","name2"
"1","Jessie","Sidney"
"2","Jessie","Britt"
"3","Sidney","Britt"
"4","Sidney","Donnie"
"5","Karl","Berry"
"6","Sidney","Rene"
"7","Britt","Rene"
"8","Shayne","Sidney"
"9","Sidney","Elisha"
"10","Sidney","Whitney"
"11","Jessie","Whitney"
"12","Donnie","Odell"
"13","Sidney","Odell"
"14","Rene","Whitney"
"15","Shayne","Donnie"
"16","Jessie","Lacy"
"17","Rene","Lacy"
"18","Elisha","Eugene"
"19","Eugene","Jude"
"20","Berry","Odell"
"21","Odell","Rickie"
"22","Odell","Karl"
"23","Britt","Lacy"
"24","Elisha","Jude"
"25","Lacy","Whitney"
"26","Britt","Whitney"
"27","Karl","Tommy"
